{
    "RF": {
        "accuracy": 0.638939014818641,
        "precision": 0.625759401825024,
        "recall": 0.6850622685964322,
        "f1": 0.6540693750843569
    },
    "GaussianNB": {
        "accuracy": 0.6255517542094318,
        "precision": 0.5988834538494258,
        "recall": 0.7568028810621229,
        "f1": 0.6686454109950907
    },
    "BernoulliNB": {
        "accuracy": 0.584577715167371,
        "precision": 0.5539794909166623,
        "recall": 0.8586007986984174,
        "f1": 0.6734445282302505
    },
    "1NN": {
        "accuracy": 0.5709369486613581,
        "precision": 0.5683525894804881,
        "recall": 0.569502914507772,
        "f1": 0.5689271705285293
    },
    "KNN": {
        "accuracy": 0.6437622845796243,
        "precision": 0.6290873300363318,
        "recall": 0.6963188121208861,
        "f1": 0.6609979061334967
    },
    "SVM Linear": {
        "accuracy": 0.6429170384184505,
        "precision": 0.6321250031401512,
        "recall": 0.6776269725857704,
        "f1": 0.6540855980556529
    },
    "SVM rbf": {
        "accuracy": 0.6399519685514762,
        "precision": 0.6216904158627583,
        "recall": 0.7168954055647885,
        "f1": 0.6659072517896047
    },
    "Logistic \nRegression": {
        "accuracy": 0.6436841752196955,
        "precision": 0.6353215415551314,
        "recall": 0.6680943337777957,
        "f1": 0.6512959218507915
    }
}